{
 "ours_30000": {
  "SSIM": 0.9833066463470459,
  "PSNR": 35.93980407714844,
  "LPIPS": 0.01518477126955986
 }
}